{"train_loss": [0.5151230396097357, 0.39114243244691327, 0.3461914022619074, 0.31690833137685603, 0.2959443288543008, 0.2722908689802343, 0.24786710828867825, 0.22523074246753347, 0.21052260233705694, 0.2006320774858648, 0.19206253475926138, 0.18505173066746106, 0.18139222937930713, 0.1760214901230552, 0.1716882325670936, 0.1677354533108798, 0.16499813668944618, 0.16184089643304997, 0.15933109032457526, 0.15694004857323388, 0.15612536316351458, 0.15288827727274462, 0.14973979546373542, 0.14932030783133074, 0.1470039172671058, 0.14602755599672143, 0.14495441238229925, 0.14529207924496043, 0.1427838214679198, 0.14237047694488006], "val_mae_mev": [1124.5575623512268, 1072.958104133606, 934.9207458496094, 1018.6105520248414, 967.1782530784607, 991.1985210418701, 969.9177268981933, 1001.5672552108765, 941.6551622390748, 902.881995010376, 937.3266995429993, 924.5812165260315, 947.6449308395386, 907.2717553138733, 929.5324200630189, 960.7195657730102, 893.9902516365051, 908.0055976867676, 972.9265242576599, 911.9081233978271, 921.0574283599854, 921.8231731414795, 879.7266061782836, 911.0186438560486, 905.0675617218018, 903.7205603599549, 926.8199228286743, 905.3234092712402, 892.8236738204956, 912.9434825897217]}