{"train_loss": [0.25867911294590346, 0.1598090319470926, 0.13963942651098424, 0.1293946536389264, 0.12037100585048849, 0.11417779470790516, 0.11075939775705337, 0.10453085335167972, 0.10183142828507857, 0.098680880930207, 0.09603167611252178, 0.09448914299011231, 0.09192667476697401, 0.08971189534664153, 0.08914852581078356, 0.0872152213009921, 0.08620642122680491, 0.08474600638259541, 0.08439577349749479, 0.08281296880678697, 0.08228410720174963, 0.08167634510993957, 0.08070694712129506, 0.07962680123285813, 0.07930866469903426, 0.07890090372562408, 0.07808974944244731, 0.07782339034622365, 0.07734913681853901, 0.07778674915812232], "val_mae_mev": [347.4238519191742, 316.2877888202667, 298.57546787261964, 293.38419008255005, 274.14150071144104, 274.46161823272706, 265.48766803741455, 262.28290915489197, 258.8355256557465, 257.0753882408142, 252.23394742012022, 243.61649475097659, 253.12962574958803, 248.97692284584045, 237.86792469024658, 233.83913707733154, 234.83651537895204, 235.10047698020935, 233.15113253593444, 236.21972489356995, 243.05721740722655, 229.00792975425722, 227.14815249443055, 231.11331095695496, 223.12340464591978, 229.92904572486879, 220.93806877136228, 228.3678994655609, 230.65067219734192, 222.3380802631378]}