{"train_loss": [0.21847695971402256, 0.13521597549265083, 0.11546776869297028, 0.10570185787677765, 0.09840737741752105, 0.09182114020802758, 0.08735122242298993, 0.08386211156628348, 0.07999732844070954, 0.07671905169541185, 0.07485580583160574, 0.07298572141690687, 0.0719921417388049, 0.06946467000462792, 0.06820692037452351, 0.06698545631603761, 0.06603645831021396, 0.06554964179234071, 0.06371680922074752, 0.06355906490195881, 0.06277800551436165, 0.061884879207611085, 0.06174656776948409, 0.06120365551818501, 0.06090705769929019, 0.06020527359572324, 0.05942846251292662, 0.05892723136273297, 0.058736840173331174, 0.05819471901546825], "val_mae_mev": [368.0694169998169, 309.4945505619049, 298.89842376708987, 298.46970534324646, 268.7689098834992, 245.34970970153807, 246.0149251461029, 234.2802951335907, 228.0513482093811, 226.02792739868164, 232.86748085021972, 232.27302145957947, 221.93914556503296, 217.66230778694154, 220.35799131393432, 217.78868947029116, 207.47821421623232, 208.54467825889586, 208.34038214683534, 202.92250308990478, 210.61832180023194, 202.70625200271604, 198.49653882980348, 206.93905935287478, 199.01253952980042, 196.06204776763917, 206.80643782615664, 192.67443709373475, 196.9849880695343, 192.68353562355043]}